{
	"pages": [ //pages数组中第一项表示应用启动页，参考：https://uniapp.dcloud.io/collocation/pages
		{
			"path": "pages/index/index",
			"style": {
				"app-plus": {
					"titleNView": false // 去掉APP、H5的顶部导航
				}
			}
		},
		{
			"path": "pages/category/category",
			"style": {
				"app-plus": {
					"titleNView": false // 去掉APP、H5的顶部导航
				}
			}
		},
		{
			"path": "pages/shopcar/shopcar",
			"style": {
				"app-plus": {
					"titleNView": false // 去掉APP、H5的顶部导航
				}
			}
		},
		{
			"path": "pages/user/user",
			"style": {
				"navigationBarTitleText": "我的",
				"enablePullDownRefresh": false
			}
		}, {
			"path": "pages/search/search",
			"style": {
				"navigationBarTitleText": "",
				"enablePullDownRefresh": false,
				"app-plus": {
					"titleNView": false // 去掉APP、H5的顶部导航
				}
			}

		}, {
			"path": "pages/detail/detail",
			"style": {
				"app-plus": {
					"titleNView": false // 去掉APP、H5的顶部导航
				}
			}
		}
	    ,{
            "path" : "pages/adress/adress",
            "style" :                                                                                    
            {
                "navigationBarTitleText": "地址选择",
                "enablePullDownRefresh": false
            }
            
        }
        ,{
            "path" : "pages/addAdress/addAdress",
            "style" :                                                                                    
            {
                "navigationBarTitleText": "",
                "enablePullDownRefresh": false
            }
            
        }
    ],
	"globalStyle": {
		"navigationBarTextStyle": "black",
		"navigationBarTitleText": "uni-app",
		"navigationBarBackgroundColor": "#F8F8F8",
		"backgroundColor": "#F8F8F8"
	},
	"tabBar": {
		"list": [{
				"pagePath": "pages/index/index",
				"text": "首页",
				"iconPath": "static/image/home.png",
				"selectedIconPath": "static/image/home-active.png"
			},
			{
				"pagePath": "pages/category/category",
				"text": "分类",
				"iconPath": "static/image/search.png",
				"selectedIconPath": "static/image/search-active.png"
			},
			{
				"pagePath": "pages/shopcar/shopcar",
				"text": "购物车",
				"iconPath": "static/image/cart.png",
				"selectedIconPath": "static/image/cart-active.png"
			},
			{
				"pagePath": "pages/user/user",
				"text": "我的",
				"iconPath": "static/image/member.png",
				"selectedIconPath": "static/image/member-active.png"
			}
		],
		"color": "#999",
		"selectedColor": "#FF6700"
	}
}
